id,map_url,distance_url,flags_url
91732,https://res.cloudinary.com/du9kjdspa/image/upload/v1776377435/map_bird_91732_ru3mql.gif,https://res.cloudinary.com/du9kjdspa/image/upload/v1776377467/tracker_bird_91732_ayv0rw.gif,https://res.cloudinary.com/du9kjdspa/image/upload/v1776377479/flags_bird_91732_zcr8g6.gif
91733,https://res.cloudinary.com/du9kjdspa/image/upload/v1776377434/map_bird_91733_hy4sib.gif,https://res.cloudinary.com/du9kjdspa/image/upload/v1776377467/tracker_bird_91733_tcyzsl.gif,https://res.cloudinary.com/du9kjdspa/image/upload/v1776377479/flags_bird_91733_bbcdhk.gif
91734,https://res.cloudinary.com/du9kjdspa/image/upload/v1776377436/map_bird_91734_wcry9l.gif,https://res.cloudinary.com/du9kjdspa/image/upload/v1776377467/tracker_bird_91734_svhbjl.gif,https://res.cloudinary.com/du9kjdspa/image/upload/v1776377479/flags_bird_91734_ocxnpw.gif
91735,https://res.cloudinary.com/du9kjdspa/image/upload/v1776377434/map_bird_91735_skrtv5.gif,https://res.cloudinary.com/du9kjdspa/image/upload/v1776377468/tracker_bird_91735_ixf6bb.gif,https://res.cloudinary.com/du9kjdspa/image/upload/v1776377479/flags_bird_91735_c4vqzw.gif
91737,https://res.cloudinary.com/du9kjdspa/image/upload/v1776377435/map_bird_91737_tcums5.gif,https://res.cloudinary.com/du9kjdspa/image/upload/v1776377468/tracker_bird_91737_za4zzo.gif,https://res.cloudinary.com/du9kjdspa/image/upload/v1776377479/flags_bird_91737_ousukd.gif
91738,https://res.cloudinary.com/du9kjdspa/image/upload/v1776377435/map_bird_91738_snkohg.gif,https://res.cloudinary.com/du9kjdspa/image/upload/v1776377468/tracker_bird_91738_h2mcv8.gif,https://res.cloudinary.com/du9kjdspa/image/upload/v1776377480/flags_bird_91738_z7qxzs.gif
91739,https://res.cloudinary.com/du9kjdspa/image/upload/v1776377436/map_bird_91739_x1imzh.gif,https://res.cloudinary.com/du9kjdspa/image/upload/v1776377468/tracker_bird_91739_r4k4yi.gif,https://res.cloudinary.com/du9kjdspa/image/upload/v1776377480/flags_bird_91739_yqcvqy.gif
91740,https://res.cloudinary.com/du9kjdspa/image/upload/v1776377436/map_bird_91740_jifw10.gif,https://res.cloudinary.com/du9kjdspa/image/upload/v1776377468/tracker_bird_91740_mz8gei.gif,https://res.cloudinary.com/du9kjdspa/image/upload/v1776377480/flags_bird_91740_tiy72g.gif
91741,https://res.cloudinary.com/du9kjdspa/image/upload/v1776377436/map_bird_91741_wjj8kd.gif,https://res.cloudinary.com/du9kjdspa/image/upload/v1776377468/tracker_bird_91741_ke2uh7.gif,https://res.cloudinary.com/du9kjdspa/image/upload/v1776377480/flags_bird_91741_fzpsli.gif
91742,https://res.cloudinary.com/du9kjdspa/image/upload/v1776377437/map_bird_91742_kutgc0.gif,https://res.cloudinary.com/du9kjdspa/image/upload/v1776377469/tracker_bird_91742_kvqbfo.gif,https://res.cloudinary.com/du9kjdspa/image/upload/v1776377480/flags_bird_91742_ayfbkg.gif
91743,https://res.cloudinary.com/du9kjdspa/image/upload/v1776377436/map_bird_91743_uz1vrs.gif,https://res.cloudinary.com/du9kjdspa/image/upload/v1776377469/tracker_bird_91743_rauy8y.gif,https://res.cloudinary.com/du9kjdspa/image/upload/v1776377480/flags_bird_91743_wqjnkq.gif
91744,https://res.cloudinary.com/du9kjdspa/image/upload/v1776377436/map_bird_91744_y40zro.gif,https://res.cloudinary.com/du9kjdspa/image/upload/v1776377469/tracker_bird_91744_xiwenh.gif,https://res.cloudinary.com/du9kjdspa/image/upload/v1776377481/flags_bird_91744_fckeyg.gif
91745,https://res.cloudinary.com/du9kjdspa/image/upload/v1776377437/map_bird_91745_ggllrv.gif,https://res.cloudinary.com/du9kjdspa/image/upload/v1776377469/tracker_bird_91745_bcpisk.gif,https://res.cloudinary.com/du9kjdspa/image/upload/v1776377481/flags_bird_91745_tehydy.gif
91746,https://res.cloudinary.com/du9kjdspa/image/upload/v1776377437/map_bird_91746_llyoaf.gif,https://res.cloudinary.com/du9kjdspa/image/upload/v1776377469/tracker_bird_91746_g19ehe.gif,https://res.cloudinary.com/du9kjdspa/image/upload/v1776377481/flags_bird_91746_hzmxfi.gif
91747,https://res.cloudinary.com/du9kjdspa/image/upload/v1776377437/map_bird_91747_ftdunx.gif,https://res.cloudinary.com/du9kjdspa/image/upload/v1776377469/tracker_bird_91747_xvfbnh.gif,https://res.cloudinary.com/du9kjdspa/image/upload/v1776377481/flags_bird_91747_e4bvw4.gif
91748,https://res.cloudinary.com/du9kjdspa/image/upload/v1776377437/map_bird_91748_r5t15s.gif,https://res.cloudinary.com/du9kjdspa/image/upload/v1776377469/tracker_bird_91748_al4duz.gif,https://res.cloudinary.com/du9kjdspa/image/upload/v1776377481/flags_bird_91748_sjoes7.gif
91749,https://res.cloudinary.com/du9kjdspa/image/upload/v1776377438/map_bird_91749_mxkhpy.gif,https://res.cloudinary.com/du9kjdspa/image/upload/v1776377470/tracker_bird_91749_fjxxhn.gif,https://res.cloudinary.com/du9kjdspa/image/upload/v1776377482/flags_bird_91749_mls9pv.gif
91750,https://res.cloudinary.com/du9kjdspa/image/upload/v1776377438/map_bird_91750_kmi5qp.gif,https://res.cloudinary.com/du9kjdspa/image/upload/v1776377470/tracker_bird_91750_bzllay.gif,https://res.cloudinary.com/du9kjdspa/image/upload/v1776377482/flags_bird_91750_ypzgn8.gif
91751,https://res.cloudinary.com/du9kjdspa/image/upload/v1776377439/map_bird_91751_uhahkq.gif,https://res.cloudinary.com/du9kjdspa/image/upload/v1776377470/tracker_bird_91751_bblsos.gif,https://res.cloudinary.com/du9kjdspa/image/upload/v1776377482/flags_bird_91751_w6m4ax.gif
91752,https://res.cloudinary.com/du9kjdspa/image/upload/v1776377439/map_bird_91752_e1m2aa.gif,https://res.cloudinary.com/du9kjdspa/image/upload/v1776377470/tracker_bird_91752_cchxm8.gif,https://res.cloudinary.com/du9kjdspa/image/upload/v1776377482/flags_bird_91752_lztq1t.gif
91754,https://res.cloudinary.com/du9kjdspa/image/upload/v1776377439/map_bird_91754_vwgge6.gif,https://res.cloudinary.com/du9kjdspa/image/upload/v1776377471/tracker_bird_91754_ph8aod.gif,https://res.cloudinary.com/du9kjdspa/image/upload/v1776377482/flags_bird_91754_woqdal.gif
91755,https://res.cloudinary.com/du9kjdspa/image/upload/v1776377439/map_bird_91755_fjorsd.gif,https://res.cloudinary.com/du9kjdspa/image/upload/v1776377471/tracker_bird_91755_omobko.gif,https://res.cloudinary.com/du9kjdspa/image/upload/v1776377482/flags_bird_91755_cvs4qt.gif
91758,https://res.cloudinary.com/du9kjdspa/image/upload/v1776377439/map_bird_91758_mh7rez.gif,https://res.cloudinary.com/du9kjdspa/image/upload/v1776377472/tracker_bird_91758_irxxks.gif,https://res.cloudinary.com/du9kjdspa/image/upload/v1776377483/flags_bird_91758_wd9jg4.gif
91759,https://res.cloudinary.com/du9kjdspa/image/upload/v1776377440/map_bird_91759_nyvuby.gif,https://res.cloudinary.com/du9kjdspa/image/upload/v1776377471/tracker_bird_91759_ksx6un.gif,https://res.cloudinary.com/du9kjdspa/image/upload/v1776377483/flags_bird_91759_eo8smn.gif
91761,https://res.cloudinary.com/du9kjdspa/image/upload/v1776377440/map_bird_91761_nnzcvt.gif,https://res.cloudinary.com/du9kjdspa/image/upload/v1776377471/tracker_bird_91761_freixn.gif,https://res.cloudinary.com/du9kjdspa/image/upload/v1776377483/flags_bird_91761_o3cnot.gif
91762,https://res.cloudinary.com/du9kjdspa/image/upload/v1776377440/map_bird_91762_frzjwf.gif,https://res.cloudinary.com/du9kjdspa/image/upload/v1776377471/tracker_bird_91762_ayqr9c.gif,https://res.cloudinary.com/du9kjdspa/image/upload/v1776377483/flags_bird_91762_stykl5.gif
91763,https://res.cloudinary.com/du9kjdspa/image/upload/v1776377441/map_bird_91763_vylrhe.gif,https://res.cloudinary.com/du9kjdspa/image/upload/v1776377472/tracker_bird_91763_ffcjxp.gif,https://res.cloudinary.com/du9kjdspa/image/upload/v1776377484/flags_bird_91763_hbgbpa.gif
91764,https://res.cloudinary.com/du9kjdspa/image/upload/v1776377440/map_bird_91764_sgblvh.gif,https://res.cloudinary.com/du9kjdspa/image/upload/v1776377473/tracker_bird_91764_otnxsb.gif,https://res.cloudinary.com/du9kjdspa/image/upload/v1776377484/flags_bird_91764_vl5b1k.gif
91765,https://res.cloudinary.com/du9kjdspa/image/upload/v1776377441/map_bird_91765_dxhgcu.gif,https://res.cloudinary.com/du9kjdspa/image/upload/v1776377472/tracker_bird_91765_apdeps.gif,https://res.cloudinary.com/du9kjdspa/image/upload/v1776377484/flags_bird_91765_eozhws.gif
91766,https://res.cloudinary.com/du9kjdspa/image/upload/v1776377441/map_bird_91766_pbwkwb.gif,https://res.cloudinary.com/du9kjdspa/image/upload/v1776377472/tracker_bird_91766_vhrtmu.gif,https://res.cloudinary.com/du9kjdspa/image/upload/v1776377484/flags_bird_91766_jl7azi.gif
91771,https://res.cloudinary.com/du9kjdspa/image/upload/v1776377441/map_bird_91771_omfo6y.gif,https://res.cloudinary.com/du9kjdspa/image/upload/v1776377473/tracker_bird_91771_urwzpa.gif,https://res.cloudinary.com/du9kjdspa/image/upload/v1776377484/flags_bird_91771_hfuskc.gif
91774,https://res.cloudinary.com/du9kjdspa/image/upload/v1776377442/map_bird_91774_satayz.gif,https://res.cloudinary.com/du9kjdspa/image/upload/v1776377473/tracker_bird_91774_dq6gok.gif,https://res.cloudinary.com/du9kjdspa/image/upload/v1776377484/flags_bird_91774_ksucze.gif
91775,https://res.cloudinary.com/du9kjdspa/image/upload/v1776377442/map_bird_91775_r02z8l.gif,https://res.cloudinary.com/du9kjdspa/image/upload/v1776377474/tracker_bird_91775_ztlae8.gif,https://res.cloudinary.com/du9kjdspa/image/upload/v1776377485/flags_bird_91775_xpam0k.gif
91776,https://res.cloudinary.com/du9kjdspa/image/upload/v1776377442/map_bird_91776_ln31or.gif,https://res.cloudinary.com/du9kjdspa/image/upload/v1776377474/tracker_bird_91776_wqixum.gif,https://res.cloudinary.com/du9kjdspa/image/upload/v1776377485/flags_bird_91776_ioslmb.gif
91778,https://res.cloudinary.com/du9kjdspa/image/upload/v1776377442/map_bird_91778_bseffd.gif,https://res.cloudinary.com/du9kjdspa/image/upload/v1776377474/tracker_bird_91778_jhpu98.gif,https://res.cloudinary.com/du9kjdspa/image/upload/v1776377485/flags_bird_91778_ne4eqr.gif
91779,https://res.cloudinary.com/du9kjdspa/image/upload/v1776377442/map_bird_91779_medqcq.gif,https://res.cloudinary.com/du9kjdspa/image/upload/v1776377474/tracker_bird_91779_eqldgf.gif,https://res.cloudinary.com/du9kjdspa/image/upload/v1776377485/flags_bird_91779_w3rbta.gif
91780,https://res.cloudinary.com/du9kjdspa/image/upload/v1776377443/map_bird_91780_smhghx.gif,https://res.cloudinary.com/du9kjdspa/image/upload/v1776377474/tracker_bird_91780_pbpfus.gif,https://res.cloudinary.com/du9kjdspa/image/upload/v1776377485/flags_bird_91780_ieziun.gif
91781,https://res.cloudinary.com/du9kjdspa/image/upload/v1776377443/map_bird_91781_jpene4.gif,https://res.cloudinary.com/du9kjdspa/image/upload/v1776377474/tracker_bird_91781_jpqojr.gif,https://res.cloudinary.com/du9kjdspa/image/upload/v1776377485/flags_bird_91781_buc1md.gif
91782,https://res.cloudinary.com/du9kjdspa/image/upload/v1776377443/map_bird_91782_o61hb0.gif,https://res.cloudinary.com/du9kjdspa/image/upload/v1776377475/tracker_bird_91782_ookev5.gif,https://res.cloudinary.com/du9kjdspa/image/upload/v1776377485/flags_bird_91782_juf6hn.gif
91783,https://res.cloudinary.com/du9kjdspa/image/upload/v1776377443/map_bird_91783_v9l5tg.gif,https://res.cloudinary.com/du9kjdspa/image/upload/v1776377475/tracker_bird_91783_n7wfri.gif,https://res.cloudinary.com/du9kjdspa/image/upload/v1776377486/flags_bird_91783_flbjvt.gif
91787,https://res.cloudinary.com/du9kjdspa/image/upload/v1776377443/map_bird_91787_tngyop.gif,https://res.cloudinary.com/du9kjdspa/image/upload/v1776377475/tracker_bird_91787_kxaxxn.gif,https://res.cloudinary.com/du9kjdspa/image/upload/v1776377486/flags_bird_91787_cgjt00.gif
91788,https://res.cloudinary.com/du9kjdspa/image/upload/v1776377444/map_bird_91788_dbwjmr.gif,https://res.cloudinary.com/du9kjdspa/image/upload/v1776377475/tracker_bird_91788_trtbpf.gif,https://res.cloudinary.com/du9kjdspa/image/upload/v1776377486/flags_bird_91788_tvm6ih.gif
91789,https://res.cloudinary.com/du9kjdspa/image/upload/v1776377444/map_bird_91789_mzay14.gif,https://res.cloudinary.com/du9kjdspa/image/upload/v1776377475/tracker_bird_91789_kejkev.gif,https://res.cloudinary.com/du9kjdspa/image/upload/v1776377486/flags_bird_91789_umbzff.gif
91794,https://res.cloudinary.com/du9kjdspa/image/upload/v1776377444/map_bird_91794_bt46z8.gif,https://res.cloudinary.com/du9kjdspa/image/upload/v1776377475/tracker_bird_91794_cel0kh.gif,https://res.cloudinary.com/du9kjdspa/image/upload/v1776377486/flags_bird_91794_l4k74l.gif
91795,https://res.cloudinary.com/du9kjdspa/image/upload/v1776377444/map_bird_91795_pftjtc.gif,https://res.cloudinary.com/du9kjdspa/image/upload/v1776377476/tracker_bird_91795_rult2v.gif,https://res.cloudinary.com/du9kjdspa/image/upload/v1776377486/flags_bird_91795_sam7al.gif
91798,https://res.cloudinary.com/du9kjdspa/image/upload/v1776377444/map_bird_91798_musihv.gif,https://res.cloudinary.com/du9kjdspa/image/upload/v1776377476/tracker_bird_91798_rev2jy.gif,https://res.cloudinary.com/du9kjdspa/image/upload/v1776377487/flags_bird_91798_br0lpo.gif
91799,https://res.cloudinary.com/du9kjdspa/image/upload/v1776377445/map_bird_91799_k4ucjy.gif,https://res.cloudinary.com/du9kjdspa/image/upload/v1776377476/tracker_bird_91799_x7ib7e.gif,https://res.cloudinary.com/du9kjdspa/image/upload/v1776377487/flags_bird_91799_vlmiww.gif
91800,https://res.cloudinary.com/du9kjdspa/image/upload/v1776377445/map_bird_91800_q2oppv.gif,https://res.cloudinary.com/du9kjdspa/image/upload/v1776377476/tracker_bird_91800_ymu82r.gif,https://res.cloudinary.com/du9kjdspa/image/upload/v1776377487/flags_bird_91800_zs6jdr.gif
91802,https://res.cloudinary.com/du9kjdspa/image/upload/v1776377445/map_bird_91802_kzvxbs.gif,https://res.cloudinary.com/du9kjdspa/image/upload/v1776377476/tracker_bird_91802_igfwya.gif,https://res.cloudinary.com/du9kjdspa/image/upload/v1776377487/flags_bird_91802_nm0h3x.gif
91803,https://res.cloudinary.com/du9kjdspa/image/upload/v1776377446/map_bird_91803_jiq6qt.gif,https://res.cloudinary.com/du9kjdspa/image/upload/v1776377476/tracker_bird_91803_qgjnag.gif,https://res.cloudinary.com/du9kjdspa/image/upload/v1776377487/flags_bird_91803_qhcmmw.gif
91807,https://res.cloudinary.com/du9kjdspa/image/upload/v1776377445/map_bird_91807_lwrdlz.gif,https://res.cloudinary.com/du9kjdspa/image/upload/v1776377477/tracker_bird_91807_opy6js.gif,https://res.cloudinary.com/du9kjdspa/image/upload/v1776377487/flags_bird_91807_vlhmwc.gif
91809,https://res.cloudinary.com/du9kjdspa/image/upload/v1776377446/map_bird_91809_aegi7b.gif,https://res.cloudinary.com/du9kjdspa/image/upload/v1776377477/tracker_bird_91809_u7pcjo.gif,https://res.cloudinary.com/du9kjdspa/image/upload/v1776377488/flags_bird_91809_q5wg0q.gif
91810,https://res.cloudinary.com/du9kjdspa/image/upload/v1776377445/map_bird_91810_ctqfoh.gif,https://res.cloudinary.com/du9kjdspa/image/upload/v1776377477/tracker_bird_91810_phgtcw.gif,https://res.cloudinary.com/du9kjdspa/image/upload/v1776377488/flags_bird_91810_xoch09.gif
91811,https://res.cloudinary.com/du9kjdspa/image/upload/v1776377446/map_bird_91811_uyfyui.gif,https://res.cloudinary.com/du9kjdspa/image/upload/v1776377477/tracker_bird_91811_qjb74q.gif,https://res.cloudinary.com/du9kjdspa/image/upload/v1776377488/flags_bird_91811_yilev9.gif
91812,https://res.cloudinary.com/du9kjdspa/image/upload/v1776377446/map_bird_91812_w8gm6p.gif,https://res.cloudinary.com/du9kjdspa/image/upload/v1776377477/tracker_bird_91812_elecu8.gif,https://res.cloudinary.com/du9kjdspa/image/upload/v1776377488/flags_bird_91812_qiultz.gif
91813,https://res.cloudinary.com/du9kjdspa/image/upload/v1776377446/map_bird_91813_mpzsle.gif,https://res.cloudinary.com/du9kjdspa/image/upload/v1776377477/tracker_bird_91813_qcpnlv.gif,https://res.cloudinary.com/du9kjdspa/image/upload/v1776377488/flags_bird_91813_bwthxz.gif
91814,https://res.cloudinary.com/du9kjdspa/image/upload/v1776377447/map_bird_91814_llq75s.gif,https://res.cloudinary.com/du9kjdspa/image/upload/v1776377477/tracker_bird_91814_ubi3fm.gif,https://res.cloudinary.com/du9kjdspa/image/upload/v1776377488/flags_bird_91814_t2ncpp.gif
91815,https://res.cloudinary.com/du9kjdspa/image/upload/v1776377446/map_bird_91815_juukrk.gif,https://res.cloudinary.com/du9kjdspa/image/upload/v1776377478/tracker_bird_91815_admzwz.gif,https://res.cloudinary.com/du9kjdspa/image/upload/v1776377489/flags_bird_91815_dwk8by.gif
91819,https://res.cloudinary.com/du9kjdspa/image/upload/v1776377447/map_bird_91819_rddzg0.gif,https://res.cloudinary.com/du9kjdspa/image/upload/v1776377478/tracker_bird_91819_ovfddh.gif,https://res.cloudinary.com/du9kjdspa/image/upload/v1776377489/flags_bird_91819_vikzzw.gif
91821,https://res.cloudinary.com/du9kjdspa/image/upload/v1776377448/map_bird_91821_fkodyd.gif,https://res.cloudinary.com/du9kjdspa/image/upload/v1776377460/tracker_bird_91821_mmtxpr.gif,https://res.cloudinary.com/du9kjdspa/image/upload/v1776377489/flags_bird_91821_upsnjs.gif
91823,https://res.cloudinary.com/du9kjdspa/image/upload/v1776377447/map_bird_91823_qkoods.gif,https://res.cloudinary.com/du9kjdspa/image/upload/v1776377460/tracker_bird_91823_k1jlj6.gif,https://res.cloudinary.com/du9kjdspa/image/upload/v1776377489/flags_bird_91823_dus8xk.gif
91824,https://res.cloudinary.com/du9kjdspa/image/upload/v1776377448/map_bird_91824_vwo63x.gif,https://res.cloudinary.com/du9kjdspa/image/upload/v1776377460/tracker_bird_91824_merjxq.gif,https://res.cloudinary.com/du9kjdspa/image/upload/v1776377489/flags_bird_91824_xm3sow.gif
91826,https://res.cloudinary.com/du9kjdspa/image/upload/v1776377448/map_bird_91826_zwimc3.gif,https://res.cloudinary.com/du9kjdspa/image/upload/v1776377460/tracker_bird_91826_sfugu4.gif,https://res.cloudinary.com/du9kjdspa/image/upload/v1776377489/flags_bird_91826_ce1kvq.gif
91827,https://res.cloudinary.com/du9kjdspa/image/upload/v1776377448/map_bird_91827_yiquwy.gif,https://res.cloudinary.com/du9kjdspa/image/upload/v1776377461/tracker_bird_91827_vfanbd.gif,https://res.cloudinary.com/du9kjdspa/image/upload/v1776377490/flags_bird_91827_mf8dxg.gif
91828,https://res.cloudinary.com/du9kjdspa/image/upload/v1776377448/map_bird_91828_df78in.gif,https://res.cloudinary.com/du9kjdspa/image/upload/v1776377461/tracker_bird_91828_owmqcw.gif,https://res.cloudinary.com/du9kjdspa/image/upload/v1776377490/flags_bird_91828_afoy7o.gif
91829,https://res.cloudinary.com/du9kjdspa/image/upload/v1776377448/map_bird_91829_p6exkl.gif,https://res.cloudinary.com/du9kjdspa/image/upload/v1776377461/tracker_bird_91829_dycpd9.gif,https://res.cloudinary.com/du9kjdspa/image/upload/v1776377490/flags_bird_91829_ftdast.gif
91830,https://res.cloudinary.com/du9kjdspa/image/upload/v1776377448/map_bird_91830_biispb.gif,https://res.cloudinary.com/du9kjdspa/image/upload/v1776377461/tracker_bird_91830_lqqp8z.gif,https://res.cloudinary.com/du9kjdspa/image/upload/v1776377490/flags_bird_91830_wirdjy.gif
91831,https://res.cloudinary.com/du9kjdspa/image/upload/v1776377449/map_bird_91831_enhjic.gif,https://res.cloudinary.com/du9kjdspa/image/upload/v1776377461/tracker_bird_91831_r8yfei.gif,https://res.cloudinary.com/du9kjdspa/image/upload/v1776377490/flags_bird_91831_jjdyyu.gif
91832,https://res.cloudinary.com/du9kjdspa/image/upload/v1776377450/map_bird_91832_lu77by.gif,https://res.cloudinary.com/du9kjdspa/image/upload/v1776377461/tracker_bird_91832_xlechx.gif,https://res.cloudinary.com/du9kjdspa/image/upload/v1776377490/flags_bird_91832_yqsctw.gif
91835,https://res.cloudinary.com/du9kjdspa/image/upload/v1776377449/map_bird_91835_svrgey.gif,https://res.cloudinary.com/du9kjdspa/image/upload/v1776377461/tracker_bird_91835_n0udao.gif,https://res.cloudinary.com/du9kjdspa/image/upload/v1776377491/flags_bird_91835_uox5jp.gif
91836,https://res.cloudinary.com/du9kjdspa/image/upload/v1776377449/map_bird_91836_dsbmow.gif,https://res.cloudinary.com/du9kjdspa/image/upload/v1776377462/tracker_bird_91836_wbqt53.gif,https://res.cloudinary.com/du9kjdspa/image/upload/v1776377491/flags_bird_91836_udgp4w.gif
91837,https://res.cloudinary.com/du9kjdspa/image/upload/v1776377450/map_bird_91837_ekz5kh.gif,https://res.cloudinary.com/du9kjdspa/image/upload/v1776377462/tracker_bird_91837_hp9etd.gif,https://res.cloudinary.com/du9kjdspa/image/upload/v1776377491/flags_bird_91837_yyc6cq.gif
91839,https://res.cloudinary.com/du9kjdspa/image/upload/v1776377449/map_bird_91839_zw1whs.gif,https://res.cloudinary.com/du9kjdspa/image/upload/v1776377462/tracker_bird_91839_hb0rzh.gif,https://res.cloudinary.com/du9kjdspa/image/upload/v1776377491/flags_bird_91839_ff2jug.gif
91845,https://res.cloudinary.com/du9kjdspa/image/upload/v1776377450/map_bird_91845_eecyi3.gif,https://res.cloudinary.com/du9kjdspa/image/upload/v1776377462/tracker_bird_91845_nsujcx.gif,https://res.cloudinary.com/du9kjdspa/image/upload/v1776377491/flags_bird_91845_uqjvdl.gif
91846,https://res.cloudinary.com/du9kjdspa/image/upload/v1776377451/map_bird_91846_o0kijf.gif,https://res.cloudinary.com/du9kjdspa/image/upload/v1776377462/tracker_bird_91846_vkbpvq.gif,https://res.cloudinary.com/du9kjdspa/image/upload/v1776377492/flags_bird_91846_rehsta.gif
91848,https://res.cloudinary.com/du9kjdspa/image/upload/v1776377450/map_bird_91848_ihupbt.gif,https://res.cloudinary.com/du9kjdspa/image/upload/v1776377462/tracker_bird_91848_yjrexq.gif,https://res.cloudinary.com/du9kjdspa/image/upload/v1776377492/flags_bird_91848_tiqmcg.gif
91849,https://res.cloudinary.com/du9kjdspa/image/upload/v1776377450/map_bird_91849_pdjnbc.gif,https://res.cloudinary.com/du9kjdspa/image/upload/v1776377463/tracker_bird_91849_q2yqez.gif,https://res.cloudinary.com/du9kjdspa/image/upload/v1776377492/flags_bird_91849_ogcdvb.gif
91852,https://res.cloudinary.com/du9kjdspa/image/upload/v1776377451/map_bird_91852_ku4u4w.gif,https://res.cloudinary.com/du9kjdspa/image/upload/v1776377463/tracker_bird_91852_ss9sgs.gif,https://res.cloudinary.com/du9kjdspa/image/upload/v1776377492/flags_bird_91852_ytez3h.gif
91861,https://res.cloudinary.com/du9kjdspa/image/upload/v1776377451/map_bird_91861_yoykmh.gif,https://res.cloudinary.com/du9kjdspa/image/upload/v1776377463/tracker_bird_91861_cqrsvx.gif,https://res.cloudinary.com/du9kjdspa/image/upload/v1776377492/flags_bird_91861_fpkyad.gif
91862,https://res.cloudinary.com/du9kjdspa/image/upload/v1776377451/map_bird_91862_zz2qqx.gif,https://res.cloudinary.com/du9kjdspa/image/upload/v1776377463/tracker_bird_91862_nyabjp.gif,https://res.cloudinary.com/du9kjdspa/image/upload/v1776377492/flags_bird_91862_qlltaa.gif
91864,https://res.cloudinary.com/du9kjdspa/image/upload/v1776377452/map_bird_91864_fvhdff.gif,https://res.cloudinary.com/du9kjdspa/image/upload/v1776377463/tracker_bird_91864_vkcra4.gif,https://res.cloudinary.com/du9kjdspa/image/upload/v1776377492/flags_bird_91864_enjc8d.gif
91865,https://res.cloudinary.com/du9kjdspa/image/upload/v1776377451/map_bird_91865_iudqpn.gif,https://res.cloudinary.com/du9kjdspa/image/upload/v1776377463/tracker_bird_91865_xufgvm.gif,https://res.cloudinary.com/du9kjdspa/image/upload/v1776377492/flags_bird_91865_donz9a.gif
91866,https://res.cloudinary.com/du9kjdspa/image/upload/v1776377451/map_bird_91866_uczkc5.gif,https://res.cloudinary.com/du9kjdspa/image/upload/v1776377464/tracker_bird_91866_dll8sr.gif,https://res.cloudinary.com/du9kjdspa/image/upload/v1776377493/flags_bird_91866_ytgjwm.gif
91870,https://res.cloudinary.com/du9kjdspa/image/upload/v1776377452/map_bird_91870_knnaml.gif,https://res.cloudinary.com/du9kjdspa/image/upload/v1776377464/tracker_bird_91870_s3moei.gif,https://res.cloudinary.com/du9kjdspa/image/upload/v1776377493/flags_bird_91870_hlk6hx.gif
91871,https://res.cloudinary.com/du9kjdspa/image/upload/v1776377452/map_bird_91871_e1fjgv.gif,https://res.cloudinary.com/du9kjdspa/image/upload/v1776377464/tracker_bird_91871_txberj.gif,https://res.cloudinary.com/du9kjdspa/image/upload/v1776377493/flags_bird_91871_lfp3k2.gif
91872,https://res.cloudinary.com/du9kjdspa/image/upload/v1776377452/map_bird_91872_k3t9pl.gif,https://res.cloudinary.com/du9kjdspa/image/upload/v1776377464/tracker_bird_91872_avu1ic.gif,https://res.cloudinary.com/du9kjdspa/image/upload/v1776377493/flags_bird_91872_wke0ut.gif
91877,https://res.cloudinary.com/du9kjdspa/image/upload/v1776377452/map_bird_91877_lbr7fd.gif,https://res.cloudinary.com/du9kjdspa/image/upload/v1776377464/tracker_bird_91877_f9mbrc.gif,https://res.cloudinary.com/du9kjdspa/image/upload/v1776377493/flags_bird_91877_hecpes.gif
91878,https://res.cloudinary.com/du9kjdspa/image/upload/v1776377453/map_bird_91878_qvtro7.gif,https://res.cloudinary.com/du9kjdspa/image/upload/v1776377465/tracker_bird_91878_e74nlj.gif,https://res.cloudinary.com/du9kjdspa/image/upload/v1776377493/flags_bird_91878_q8ofjz.gif
91881,https://res.cloudinary.com/du9kjdspa/image/upload/v1776377453/map_bird_91881_sdvnmq.gif,https://res.cloudinary.com/du9kjdspa/image/upload/v1776377465/tracker_bird_91881_s3de0a.gif,https://res.cloudinary.com/du9kjdspa/image/upload/v1776377494/flags_bird_91881_mwlris.gif
91884,https://res.cloudinary.com/du9kjdspa/image/upload/v1776377453/map_bird_91884_evklp1.gif,https://res.cloudinary.com/du9kjdspa/image/upload/v1776377465/tracker_bird_91884_ff1vvw.gif,https://res.cloudinary.com/du9kjdspa/image/upload/v1776377494/flags_bird_91884_drhcqu.gif
91885,https://res.cloudinary.com/du9kjdspa/image/upload/v1776377453/map_bird_91885_nsqz8w.gif,https://res.cloudinary.com/du9kjdspa/image/upload/v1776377465/tracker_bird_91885_hx8amo.gif,https://res.cloudinary.com/du9kjdspa/image/upload/v1776377494/flags_bird_91885_jfmrwy.gif
91893,https://res.cloudinary.com/du9kjdspa/image/upload/v1776377453/map_bird_91893_knbjpy.gif,https://res.cloudinary.com/du9kjdspa/image/upload/v1776377465/tracker_bird_91893_mzc9e5.gif,https://res.cloudinary.com/du9kjdspa/image/upload/v1776377494/flags_bird_91893_rm5ekw.gif
91900,https://res.cloudinary.com/du9kjdspa/image/upload/v1776377454/map_bird_91900_zjokqa.gif,https://res.cloudinary.com/du9kjdspa/image/upload/v1776377465/tracker_bird_91900_etphei.gif,https://res.cloudinary.com/du9kjdspa/image/upload/v1776377494/flags_bird_91900_wdpjvu.gif
91901,https://res.cloudinary.com/du9kjdspa/image/upload/v1776377454/map_bird_91901_rngqkp.gif,https://res.cloudinary.com/du9kjdspa/image/upload/v1776377466/tracker_bird_91901_nbjkie.gif,https://res.cloudinary.com/du9kjdspa/image/upload/v1776377494/flags_bird_91901_ex9eaf.gif
91903,https://res.cloudinary.com/du9kjdspa/image/upload/v1776377454/map_bird_91903_gkv7av.gif,https://res.cloudinary.com/du9kjdspa/image/upload/v1776377466/tracker_bird_91903_xjnfq6.gif,https://res.cloudinary.com/du9kjdspa/image/upload/v1776377494/flags_bird_91903_vacvs7.gif
91907,https://res.cloudinary.com/du9kjdspa/image/upload/v1776377454/map_bird_91907_wtdcpa.gif,https://res.cloudinary.com/du9kjdspa/image/upload/v1776377466/tracker_bird_91907_pur72y.gif,https://res.cloudinary.com/du9kjdspa/image/upload/v1776377495/flags_bird_91907_otg3ms.gif
91908,https://res.cloudinary.com/du9kjdspa/image/upload/v1776377454/map_bird_91908_iiwadp.gif,https://res.cloudinary.com/du9kjdspa/image/upload/v1776377466/tracker_bird_91908_pesbxh.gif,https://res.cloudinary.com/du9kjdspa/image/upload/v1776377495/flags_bird_91908_tbfyzn.gif
91910,https://res.cloudinary.com/du9kjdspa/image/upload/v1776377454/map_bird_91910_ovnnfy.gif,https://res.cloudinary.com/du9kjdspa/image/upload/v1776377466/tracker_bird_91910_h3hytd.gif,https://res.cloudinary.com/du9kjdspa/image/upload/v1776377495/flags_bird_91910_dxb6pz.gif
91911,https://res.cloudinary.com/du9kjdspa/image/upload/v1776377455/map_bird_91911_hdk9ai.gif,https://res.cloudinary.com/du9kjdspa/image/upload/v1776377466/tracker_bird_91911_lhkyxj.gif,https://res.cloudinary.com/du9kjdspa/image/upload/v1776377495/flags_bird_91911_odwasw.gif
91916,https://res.cloudinary.com/du9kjdspa/image/upload/v1776377455/map_bird_91916_qts1k5.gif,https://res.cloudinary.com/du9kjdspa/image/upload/v1776377467/tracker_bird_91916_obl3z9.gif,https://res.cloudinary.com/du9kjdspa/image/upload/v1776377495/flags_bird_91916_grgvud.gif
91919,https://res.cloudinary.com/du9kjdspa/image/upload/v1776377455/map_bird_91919_fayagz.gif,https://res.cloudinary.com/du9kjdspa/image/upload/v1776377467/tracker_bird_91919_ozxjyy.gif,https://res.cloudinary.com/du9kjdspa/image/upload/v1776377495/flags_bird_91919_sqqte7.gif
91920,https://res.cloudinary.com/du9kjdspa/image/upload/v1776377434/map_bird_91920_a4qcjl.gif,https://res.cloudinary.com/du9kjdspa/image/upload/v1776377467/tracker_bird_91920_l6ijmy.gif,https://res.cloudinary.com/du9kjdspa/image/upload/v1776377495/flags_bird_91920_t5dh2v.gif
